source,target,type
法国,10.5194/gmd-9-1937-2016,country_paper
英国,10.1182/blood-2016-03-643544,country_paper
英国,10.1056/nejmoa050496,country_paper
美国,10.15620/cdc:82532,country_paper
英国,10.1038/s41375-022-01620-2,country_paper
摩洛哥,10.1038/s41562-016-0021,country_paper
法国,10.1186/s13059-015-0721-2,country_paper
美国,10.1038/s41564-020-0688-y,country_paper
英国,10.1093/nar/gkv1248,country_paper
法国,10.5539/ass.v9n5p18,country_paper
法国,10.1007/s11192-020-03690-4,country_paper
中国,10.1029/eo056i011p00838,country_paper
美国,10.2196/65537,country_paper
摩洛哥,10.48550/arxiv.2409.13731,country_paper
英国,10.1056/nejmoa0807646,country_paper
英国,10.1056/nejmoa1709937,country_paper
英国,10.1182/blood-2009-03-209262,country_paper
英国,10.1038/s41375-022-01613-1,country_paper
美国,10.15585/mmwr.rr6501e1,country_paper
摩洛哥,10.1001/jamaneurol.2020.2065,country_paper
英国,10.1056/nejmoa010307,country_paper
英国,10.1186/1471-2105-4-41,country_paper
摩洛哥,10.3145/epi.2020.ene.03,country_paper
法国,10.1073/pnas.1914221117,country_paper
法国,10.1002/asi.21421,country_paper
美国,10.3390/su10030639,country_paper
摩洛哥,10.1038/s41746-023-00899-4,country_paper
中国,10.1257/jep.26.4.103,country_paper
英国,10.1038/s41586-018-0579-z,country_paper
法国,10.1186/1471-2164-12-402,country_paper
英国,10.1186/s13100-015-0041-9,country_paper
美国,10.2196/21279,country_paper
法国,10.1186/s12913-014-0579-0,country_paper
英国,10.1007/978-1-349-94186-5_84,country_paper
中国,10.1007/s10980-019-00912-w,country_paper
中国,10.1111/1468-2346.12660,country_paper
美国,10.5962/bhl.title.4097,country_paper
中国,10.1093/isq/sqx052,country_paper
中国,10.3390/rs12071130,country_paper
摩洛哥,10.5117/9789053561928,country_paper
中国,10.1002/wrcr.20243,country_paper
突尼斯,10.1186/1746-4269-5-31,country_paper
中国,10.1093/ej/ueab082,country_paper
中国,10.1057/s41254-021-00224-4,country_paper
中国,10.3390/su10103520,country_paper
中国,10.1017/s0305741009990208,country_paper
中国,10.1111/j.1944-8287.2005.tb00255.x,country_paper
中国,10.1093/cjip/pop001,country_paper
中国,10.1111/ciso.12094,country_paper
中国,10.2139/ssrn.3532421,country_paper
中国,10.1016/j.imic.2012.11.002,country_paper
中国,10.1080/09512748.2019.1705882,country_paper
美国,10.1186/s13640-015-0102-5,country_paper
中国,10.1353/arw.2005.0002,country_paper
中国,10.1108/itpd-05-2019-0004,country_paper
中国,10.1080/10670564.2016.1206276,country_paper
利比亚,10.5070/c311008862,country_paper
埃及,10.1353/jwh.2019.0016,country_paper
中国,10.1093/oso/9780198830504.001.0001,country_paper
中国,10.22439/cjas.v18i0.19,country_paper
美国,10.1371/journal.pone.0245327,country_paper
法国,10.3389/fsoc.2022.886498,country_paper
美国,10.1257/jep.15.2.121,country_paper
美国,10.1038/s41598-017-18007-4,country_paper
美国,10.3389/frobt.2018.00037,country_paper
法国,10.1162/089120103321337421,country_paper
土耳其,10.1093/humrep/der037,country_paper
美国,10.1016/j.acn.2004.02.005,country_paper
摩洛哥,10.1523/jneurosci.2612-10.2010,country_paper
美国,10.1111/j.1551-6708.1987.tb00863.x,country_paper
法国,10.1002/2017rg000574,country_paper
中国,10.1257/jep.9.3.15,country_paper
中国,10.1057/ejdr.2009.21,country_paper
美国,10.3389/frsus.2022.1038323,country_paper
中国,10.1257/aer.103.6.2121,country_paper
中国,10.1146/annurev-economics-080315-015041,country_paper
美国,10.1177/0149206316679252,country_paper
中国,10.3386/w14109,country_paper
中国,10.13169/arabstudquar.43.2.0172,country_paper
摩洛哥,10.2307/j.ctv1wsgqzv.10,country_paper
摩洛哥,10.2307/j.ctv1wsgqzv.11,country_paper
摩洛哥,10.2307/j.ctv1wsgqzv.1,country_paper
摩洛哥,10.2307/j.ctv1wsgqzv.3,country_paper
摩洛哥,10.2307/j.ctv1wsgqzv.2,country_paper
摩洛哥,10.2307/j.ctv1wsgqzv,country_paper
突尼斯,10.1093/oso/9780190876036.003.0009,country_paper
摩洛哥,10.2307/j.ctv1wsgqzv.8,country_paper
摩洛哥,10.2307/j.ctv1wsgqzv.7,country_paper
中国,10.5040/9781666988505.ch-16,country_paper
摩洛哥,10.2307/j.ctv1wsgqzv.4,country_paper
摩洛哥,10.2307/j.ctv1wsgqzv.9,country_paper
中国,10.2991/assehr.k.210609.078,country_paper
摩洛哥,10.1515/9780748699209-005,country_paper
中国,10.1163/1877-0339_bec_sim_00133,country_paper
埃及,10.24093/awej/th.322,country_paper
中国,10.1007/978-3-030-44425-9_10,country_paper
摩洛哥,10.2307/j.ctv1wsgqzv.6,country_paper
中国,10.18212/cccs.2009..15.032,country_paper
摩洛哥,10.2307/j.ctv1wsgqzv.5,country_paper
阿曼,10.1017/cbo9781107053809.001,country_paper
阿曼,10.1017/cbo9781107053809.011,country_paper
中国,10.16997/book69.f,country_paper
中国,10.5040/9781978736405.ch-5,country_paper
中国,10.1007/978-3-031-39259-7_6,country_paper
中国,10.1515/caas-2023-030204,country_paper
阿曼,10.1017/cbo9781107053809.006,country_paper
沙特阿拉伯,10.22452/jat.vol19no1.2,country_paper
埃及,10.21608/jaauth.2014.57687,country_paper
中国,10.5771/9781498544061-65,country_paper
英国,10.1017/s0080440125100431,country_paper
阿曼,10.1017/cbo9781107053809.002,country_paper
中国,10.1515/caas-2024-2007,country_paper
中国,10.5790/hongkong/9789622099401.003.0009,country_paper
中国,10.1007/978-981-19-6000-0_1,country_paper
中国,10.5790/hongkong/9789888805617.003.0005,country_paper
中国,10.1080/17544750.2011.565934,country_paper
埃及,10.5040/9781350985674.ch-008,country_paper
中国,10.5771/9781786609267-ix,country_paper
中国,10.5040/9798881811563.ch-006,country_paper
法国,10.29333/ojcmt/2509,country_paper
英国,10.3726/978-3-653-04835-3/12,country_paper
中国,10.23977/mediacr.2025.060415,country_paper
法国,10.3726/978-3-653-04329-7/24,country_paper
美国,10.4324/9780203811016-14,country_paper
中国,10.5220/0014759200004995,country_paper
中国,10.4324/9780203021804-7,country_paper
中国,10.46539/gmd.v6i4.501,country_paper
苏丹,10.1386/jammr.8.3.255_1,country_paper
中国,10.1386/jams_00149_2,country_paper
法国,10.1108/13527600410797729,country_paper
中国,10.62787/jmhm.v4i2.296,country_paper
美国,10.1108/978-1-83867-175-420211006,country_paper
沙特阿拉伯,10.1386/macp.13.1-2.39_1,country_paper
黎巴嫩,10.1177/002202217200300305,country_paper
中国,10.5220/0013990900004916,country_paper
中国,10.47611/jsrhs.v11i3.3743,country_paper
中国,10.5040/9798881815400.ch-005,country_paper
中国,10.4337/9781782549864.00029,country_paper
阿联酋,10.1163/026805502125827511,country_paper
中国,10.1017/9789048540075.007,country_paper
阿联酋,10.1023/a:1013802624142,country_paper
中国,10.2307/j.ctv15vwkcc.10,country_paper
阿联酋,10.1163/a:1013802624142,country_paper
叙利亚,10.1515/9780748696079-010,country_paper
伊拉克,10.4324/9781003348948-57,country_paper
中国,10.5117/9789462988033_ch06,country_paper
巴勒斯坦,10.4324/9781003348948-47,country_paper
阿曼,10.5353/th_b5793303,country_paper
巴勒斯坦,10.4324/9781315170657-76,country_paper
中国,10.26686/wgtn.17060441,country_paper
中国,10.5040/9798881815073.ch-12,country_paper
中国,10.5040/9798881815073.ch-13,country_paper
阿联酋,10.1080/09647775.2019.1683883,country_paper
美国,10.5040/9798216435396.ch-008,country_paper
中国,10.5040/9798881815073.ch-17,country_paper
摩洛哥,10.1177/1550190620978216,country_paper
中国,10.1080/19369816.2023.2283630,country_paper
中国,10.12677/cnc.2025.134097,country_paper
中国,10.1515/caas-2023-2006,country_paper
中国,10.1515/caas-2023-2001,country_paper
美国,10.1163/2468-1733_shafr_sim140160644,country_paper
美国,10.1163/2468-1733_shafr_sim220030014,country_paper
美国,10.4337/9781803926568.00025,country_paper
巴勒斯坦,10.4324/9780203499542-12,country_paper
法国,10.5040/9780755611676.ch-001,country_paper
中国,10.17265/2328-2134/2024.04.002,country_paper
中国,10.1080/10670564.2015.1013379,country_paper
巴勒斯坦,10.4324/9780203499542-17,country_paper
巴勒斯坦,10.4324/9780203499542-1,country_paper
巴勒斯坦,10.4324/9780203499542-4,country_paper
巴勒斯坦,10.1163/30505046-12340005,country_paper
巴勒斯坦,10.4324/9780203499542-18,country_paper
巴勒斯坦,10.4324/9780203499542-2,country_paper
土耳其,10.64903/arwg.1480-6800.17.3.223,country_paper
巴勒斯坦,10.4324/9780203499542-3,country_paper
叙利亚,10.5040/9780755608270.ch-005,country_paper
巴勒斯坦,10.4324/9780203499542-8,country_paper
叙利亚,10.5040/9780755658244.ch-8,country_paper
埃及,10.21608/ijhms.2022.429600,country_paper
摩洛哥,10.1111/j.1468-0033.1989.tb01351.x,country_paper
伊拉克,10.1111/j.2151-6952.2010.00073.x,country_paper
中国,10.5089/9781451968699.023.a008,country_paper
中国,10.1142/9789813278721_0010,country_paper
中国,10.2139/ssrn.4884443,country_paper
中国,10.5220/0013997400004912,country_paper
中国,10.1142/9789811200519_0002,country_paper
中国,10.1007/978-981-19-7165-5_14,country_paper
中国,10.1007/978-3-030-44425-9_11,country_paper
中国,10.1007/978-3-031-80400-7_16,country_paper
中国,10.2991/iccese-19.2019.110,country_paper
中国,10.1007/978-981-10-5921-6_4,country_paper
中国,10.1142/9789813278721_0012,country_paper
中国,10.1007/978-3-030-22289-5_10,country_paper
中国,10.55014/pij.v6i4.540,country_paper
阿曼,10.21832/9781845416690-013,country_paper
中国,10.4324/9781003029397-8,country_paper
阿曼,10.2307/jj.22730664.15,country_paper
中国,10.1016/j.ijid.2026.108615,country_paper
土耳其,10.4135/9789353885922.n9,country_paper
中国,10.18485/fb_bri_se.2019.ch9,country_paper
沙特阿拉伯,10.1515/caas-2023-2004,country_paper
中国,10.1142/s2377740019500143,country_paper
中国,10.20319/icssh.2024.300301,country_paper
伊朗,10.4324/9781003346111-4,country_paper
中国,10.3390/su16031086,country_paper
中国,10.7552/0-2-59,country_paper
中国,10.1051/shsconf/202214803015,country_paper
伊朗,10.5040/9780755616725.ch-017,country_paper
中国,10.3390/land14020435,country_paper
中国,10.14710/jirud.v9i1.37725,country_paper
中国,10.1332/policypress/9781447336693.003.0012,country_paper
埃及,10.1515/9780748693504-008,country_paper
中国,10.46692/9781447336709.012,country_paper
中国,10.2307/j.ctt22p7km9.18,country_paper
突尼斯,10.7312/masr17950-007,country_paper
中国,10.1016/j.chieco.2019.101311,country_paper
中国,10.1332/policypress/9781447336693.001.0001,country_paper
中国,10.4324/b22839-10,country_paper
中国,10.4324/9781003399865-14,country_paper
中国,10.4324/9781003399865-15,country_paper
中国,10.55014/pij.v6is1.292,country_paper
中国,10.1007/978-981-95-4853-8_2,country_paper
中国,10.4324/9781003399865-11,country_paper
中国,10.4324/9781003399865-16,country_paper
中国,10.5117/9789048557820/icas.2022.084,country_paper
中国,10.4324/9781003399865-27,country_paper
中国,10.4324/9781003399865-4,country_paper
中国,10.4324/9781003399865-23,country_paper
中国,10.4324/9781003399865-21,country_paper
中国,10.4324/9781003399865-18,country_paper
中国,10.4324/9781003399865-24,country_paper
中国,10.4324/9781003399865-8,country_paper
中国,10.4324/9781003399865-20,country_paper
中国,10.4324/9781003399865-10,country_paper
中国,10.4324/9781003399865-25,country_paper
中国,10.4324/9781003399865-13,country_paper
中国,10.4324/9781003399865-2,country_paper
中国,10.4324/9781003399865-9,country_paper
中国,10.4324/9781003399865,country_paper
中国,10.1007/978-981-15-9283-6_3,country_paper
中国,10.54691/bcpbm.v49i.5381,country_paper
中国,10.1007/978-981-95-4853-8_3,country_paper
中国,10.4324/9781003399865-28,country_paper
中国,10.47297/wspciwsp2516-252701.20200406,country_paper
中国,10.1007/978-981-95-4853-8_7,country_paper
土耳其,10.37547/social-fsshj-06-02-04,country_paper
中国,10.4324/b22839-2,country_paper
中国,10.4324/b22839-15,country_paper
中国,10.1007/978-981-95-4853-8_6,country_paper
中国,10.4324/b22839-16,country_paper
中国,10.4324/9780429201554-9,country_paper
土耳其,10.1007/978-3-319-27528-4_24,country_paper
中国,10.4324/9780429201554-8,country_paper
中国,10.1515/caas-2024-2001,country_paper
中国,10.1057/9781137045591.0014,country_paper
中国,10.1515/caas-2022-2016,country_paper
中国,10.1163/24683949-00202004,country_paper
中国,10.24833/2782-7062-2025-4-3-8-20,country_paper
美国,10.4324/9780203064610-16,country_paper
中国,10.1177/000944550604200202,country_paper
中国,10.5790/hongkong/9789888028450.003.0009,country_paper
中国,10.1057/9781137045591_7,country_paper
中国,10.1057/9781137045591_12,country_paper
中国,10.1057/9781137045591_11,country_paper
英国,10.4995/thesis/10251/201551,country_paper
英国,10.30892/gtg.574spl14-1367,country_paper
中国,10.4324/9781003401919-13,country_paper
中国,10.4324/9781003401919-8,country_paper
中国,10.4324/9781003401919-14,country_paper
中国,10.4324/9781003401919-7,country_paper
中国,10.4324/9781003401919-15,country_paper
中国,10.4324/9781003401919-3,country_paper
中国,10.1007/978-3-030-43399-4_16,country_paper
中国,10.4324/9781003401919-5,country_paper
中国,10.4324/9781003401919-4,country_paper
中国,10.4324/9781003401919-10,country_paper
中国,10.1007/978-3-030-43399-4_20,country_paper
中国,10.1007/978-3-030-43399-4_17,country_paper
中国,10.5040/9780755652372.ch-006,country_paper
中国,10.1007/978-3-030-43399-4_18,country_paper
法国,10.7591/cornell/9781501715877.003.0007,country_paper
摩洛哥,10.1080/17438730802707370,country_paper
中国,10.5040/9781978736405.ch-3,country_paper
中国,10.5040/9781978736405.ch-11,country_paper
中国,10.5771/9781498544061-25,country_paper
中国,10.5040/9781978736405.ch-13,country_paper
中国,10.5040/9781978736405.ch-9,country_paper
中国,10.5771/9781498544061-171,country_paper
中国,10.5040/9781978736405.ch-7,country_paper
中国,10.5771/9781498544061-195,country_paper
中国,10.5040/9781978736405.ch-10,country_paper
中国,10.5771/9781498544061-143,country_paper
中国,10.5771/9781498544061-109,country_paper
中国,10.5771/9781498544061-153,country_paper
中国,10.1163/15718085-12323033,country_paper
中国,10.1177/0009445518761078,country_paper
中国,10.5040/9781978736405.ch-12,country_paper
中国,10.4337/9781789907490.00008,country_paper
中国,10.5771/9781498544061,country_paper
中国,10.5040/9781978736405,country_paper
中国,10.5040/9781978736405.ch-1,country_paper
中国,10.4337/9781789907490.00013,country_paper
中国,10.1355/9789814620772-004,country_paper
中国,10.5771/9781498544061-179,country_paper
中国,10.5771/9781498544061-1,country_paper
中国,10.5040/9781978736405.0005,country_paper
中国,10.5771/9781498544061-203,country_paper
中国,10.5771/9781498544061-i,country_paper
中国,10.1007/978-981-10-5239-2_7,country_paper
中国,10.5040/9781978736405.ch-4,country_paper
中国,10.4324/9780429058585-3,country_paper
中国,10.5040/9781978736405.ch-2,country_paper
中国,10.1007/978-981-10-5972-8_13,country_paper
中国,10.5771/9781498544061-205,country_paper
中国,10.1007/978-981-10-5239-2_6,country_paper
中国,10.1007/978-981-33-4013-8_2,country_paper
中国,10.1007/978-981-32-9275-8_5,country_paper
中国,10.5771/9781498544061-13,country_paper
中国,10.5771/9781498544061-53,country_paper
中国,10.1007/978-981-10-5239-2_4,country_paper
中国,10.1007/978-981-32-9275-8_3,country_paper
中国,10.36253/rar-14355,country_paper
中国,10.1162/wopj.2009.25.4.152,country_paper
中国,10.4324/9781351134354-4,country_paper
中国,10.4324/9781351134354-7,country_paper
土耳其,10.32547/ataunigsed.663100,country_paper
中国,10.1057/9780230302075_1,country_paper
中国,10.4324/9781351134354-5,country_paper
中国,10.1057/9780230233652_2,country_paper
中国,10.4324/9781351134354-2,country_paper
中国,10.4324/9781351134354-11,country_paper
阿曼,10.1201/9780367823061-9,country_paper
中国,10.4324/9781003562849-16,country_paper
中国,10.1007/978-981-10-5915-5_8,country_paper
中国,10.22459/csy.04.2018.04c,country_paper
中国,10.4324/9781351134354-3,country_paper
约旦,10.1007/978-981-33-4161-6_5,country_paper
伊朗,10.1080/14759756.2026.2666603,country_paper
中国,10.1007/978-981-10-5972-8_2,country_paper
中国,10.1007/978-3-030-43399-4_11,country_paper
中国,10.1093/oso/9780198853022.003.0016,country_paper
中国,10.5040/9781350219120.ch-001,country_paper
英国,10.5334/srah.5,country_paper
中国,10.4324/9781351024945-7,country_paper
中国,10.1093/oso/9780198853022.003.0006,country_paper
中国,10.4324/9781351268929-1,country_paper
英国,10.18178/ijlll.2024.10.1.489,country_paper
法国,10.1515/9783110616804-006,country_paper
中国,10.1080/01495933.2020.1826843,country_paper
中国,10.18848/1835-4432/cgp/v02i01/40992,country_paper
中国,10.21832/9781783098064-004,country_paper
法国,10.1007/978-981-99-6969-2_1,country_paper
中国,10.59425/eabc.1757757600,country_paper
中国,10.1163/1570-6699_eall_eall_sim_0015,country_paper
中国,10.1163/2210-7363_ecll_com_00000020,country_paper
摩洛哥,10.4324/9780203037218-11,country_paper
美国,10.37134/sibawayh.vol5.2.4.2024,country_paper
中国,10.1080/14664208.2025.2603504,country_paper
苏丹,10.24252/jael.v3i1.39220,country_paper
中国,10.1007/bf02388531,country_paper
中国,10.1557/mrs.2019.141,country_paper
埃及,10.1596/24482,country_paper
中国,10.1080/10670569408724210,country_paper
中国,10.33495/jerr_v11i7.23.119,country_paper
约旦,10.4324/9781003143215-1,country_paper
中国,10.32674/jis.v3i2.510,country_paper
中国,10.2307/2756363,country_paper
黎巴嫩,10.7560/726918-006,country_paper
中国,10.2991/iceess-18.2018.56,country_paper
英国,10.59019/isop5275,country_paper
中国,10.1007/s44216-025-00055-7,country_paper
摩洛哥,10.1007/978-3-030-23467-6_2,country_paper
沙特阿拉伯,10.31235/osf.io/7b34j,country_paper
科威特,10.1163/15730255-bja10069,country_paper
摩洛哥,10.58466/ncrb1m45,country_paper
约旦,10.4324/9781003143215-6,country_paper
埃及,10.21608/asejaiqjsae.2023.320598,country_paper
摩洛哥,10.1007/978-3-030-23467-6_5,country_paper
沙特阿拉伯,10.38039/2214-4625.1062,country_paper
中国,10.5040/9781350454262.ch-007,country_paper
中国,10.31235/osf.io/t9pf5,country_paper
中国,10.24093/awej/vol9no2.17,country_paper
阿曼,10.4324/9781003174981-3,country_paper
黎巴嫩,10.4324/9781003174981-12,country_paper
摩洛哥,10.1515/9781400866434-001,country_paper
阿尔及利亚,10.31235/osf.io/zrypx,country_paper
沙特阿拉伯,10.31235/osf.io/4mkns,country_paper
阿曼,10.1007/978-981-99-6981-4_1,country_paper
中国,10.51198/chinesest2021.01.173,country_paper
埃及,10.1163/9789004346178_011,country_paper
沙特阿拉伯,10.24093/awej/vol10no1.6,country_paper
科威特,10.1163/9789004346178_013,country_paper
中国,10.24093/awej/vol12no1.16,country_paper
中国,10.1177/2212585x221089103,country_paper
阿曼,10.24093/awej/vol11no4.21,country_paper
约旦,10.24093/awej/vol6no2.19,country_paper
中国,10.1163/24683949-00102006,country_paper
中国,10.1017/cbo9781316257098.011,country_paper
美国,10.51925/inc,country_paper
中国,10.1017/9781316417805.009,country_paper
美国,10.51925/inc.v1i01,country_paper
美国,10.51925/inc.v3i02,country_paper
美国,10.51925/inc.v4i02,country_paper
美国,10.51925/inc.v2i01,country_paper
中国,10.1007/978-981-97-3678-2_10,country_paper
中国,10.1007/978-981-97-3678-2_18,country_paper
中国,10.5040/9781978734692.ch4,country_paper
中国,10.3390/rel10070417,country_paper
中国,10.1142/9789819801350_0011,country_paper
中国,10.5040/9781978734692.ch6,country_paper
中国,10.5040/9781978734692.ch1,country_paper
中国,10.1332/policypress/9781529238907.003.0008,country_paper
中国,10.5040/9781978734692.0006,country_paper
中国,10.5040/9781978734692,country_paper
中国,10.2307/jj.10354687.14,country_paper
中国,10.31826/9781463248321-006,country_paper
中国,10.31826/9781463248321,country_paper
中国,10.31826/9781463248321-004,country_paper
中国,10.31826/9781463248321-005,country_paper
中国,10.31826/9781463248321-008,country_paper
中国,10.31826/9781463248321-fm,country_paper
中国,10.31826/9781463248321-001,country_paper
中国,10.31826/9781463248321-009,country_paper
中国,10.31826/9781463248321-010,country_paper
叙利亚,10.1515/9781399536837-011,country_paper
中国,10.31826/9781463248321-002,country_paper
中国,10.31826/9781463248321-007,country_paper
中国,10.31826/9781463248321-toc,country_paper
中国,10.5539/ass.v8n15p267,country_paper
中国,10.31826/9781463248321-003,country_paper
法国,10.1080/13602004.2022.2051945,country_paper
中国,10.4324/9781032616353-9,country_paper
中国,10.4324/9781003142720-14,country_paper
中国,10.3366/9781399528702-015,country_paper
阿曼,10.1017/cbo9781107053809,country_paper
中国,10.1017/cbo9780511519994.007,country_paper
阿联酋,10.34660/inf.2022.53.58.068,country_paper
中国,10.1355/9789814459730-009,country_paper
中国,10.2307/j.ctt1jktrz7.6,country_paper
阿曼,10.1017/cbo9781107053809.012,country_paper
美国,10.1017/9781802701319.004,country_paper
法国,10.4324/9781315258744-9,country_paper
中国,10.1080/14649373.2025.2489895,country_paper
摩洛哥,10.1515/9781474459341-009,country_paper
中国,10.54664/mlze3414,country_paper
美国,10.2307/jj.4470337.6,country_paper
苏丹,10.3726/978-1-4539-1787-9/16,country_paper
卡塔尔,10.5339/qfarf.2012.ahp29,country_paper
卡塔尔,10.59890/ijarss.v2i7.2124,country_paper
沙特阿拉伯,10.5040/9780755656295.ch-007,country_paper
沙特阿拉伯,10.20944/preprints202501.1464.v1,country_paper
沙特阿拉伯,10.20944/preprints202501.1464.v2,country_paper
沙特阿拉伯,10.55677/ijhrsss/05-2025-vol02i7,country_paper
沙特阿拉伯,10.59141/jiss.v5i1.983,country_paper
沙特阿拉伯,10.21511/ppm.19(2).2021.23,country_paper
沙特阿拉伯,10.4324/9781351040020-4,country_paper
沙特阿拉伯,10.5430/elr.v14n1p21,country_paper
土耳其,10.33182/ipr.v3i1.3499,country_paper
沙特阿拉伯,10.3390/tourhosp7050145,country_paper
沙特阿拉伯,10.5040/9780755656295.ch-005,country_paper
沙特阿拉伯,10.3390/su18094438,country_paper
沙特阿拉伯,10.30573/ks--2021-dp06,country_paper
沙特阿拉伯,10.32996/jefas.2026.8.1.2,country_paper
沙特阿拉伯,10.4324/9781351040020-7,country_paper
沙特阿拉伯,10.4135/9781529755794,country_paper
沙特阿拉伯,10.5040/9780755656295.ch-006,country_paper
沙特阿拉伯,10.32996/ijllt.2024.7.12.21,country_paper
沙特阿拉伯,10.5040/9780755656295.0005,country_paper
沙特阿拉伯,10.3389/fsoc.2026.1761036,country_paper
沙特阿拉伯,10.2139/ssrn.5431754,country_paper
沙特阿拉伯,10.1007/978-3-319-67750-7_3,country_paper
沙特阿拉伯,10.63278/jicrcr.vi.3426,country_paper
沙特阿拉伯,10.20868/upm.thesis.82069,country_paper
沙特阿拉伯,10.53910/26531313-e2021812557,country_paper
沙特阿拉伯,10.5040/9781978733749-ch.006,country_paper
沙特阿拉伯,10.63908/tqr1g311,country_paper
沙特阿拉伯,10.2139/ssrn.4568849,country_paper
沙特阿拉伯,10.4324/9781351040020-5,country_paper
沙特阿拉伯,10.5539/ijbm.v20n5p211,country_paper
沙特阿拉伯,10.23889/suthesis.70554,country_paper
卡塔尔,10.2139/ssrn.4918733,country_paper
沙特阿拉伯,10.30573/ks--2021-dp016,country_paper
沙特阿拉伯,10.20944/preprints202507.1127.v1,country_paper
沙特阿拉伯,10.4324/9781351040020-6,country_paper
沙特阿拉伯,10.51659/josi.25.276,country_paper
沙特阿拉伯,10.37575/h/art/2177,country_paper
沙特阿拉伯,10.5040/9780755656295.0007,country_paper
沙特阿拉伯,10.59799/ypeo4019,country_paper
沙特阿拉伯,10.64628/ab.xqr9fc7sd,country_paper
沙特阿拉伯,10.3390/publications12040047,country_paper
沙特阿拉伯,10.2139/ssrn.5067847,country_paper
沙特阿拉伯,10.1017/9781316882801.008,country_paper
沙特阿拉伯,10.4324/9781351040020-3,country_paper
沙特阿拉伯,10.20849/jed.v2i3.526,country_paper
沙特阿拉伯,10.4324/9781351040020-1,country_paper
沙特阿拉伯,10.5040/9780755656295,country_paper
沙特阿拉伯,10.2139/ssrn.5249229,country_paper
沙特阿拉伯,10.31235/osf.io/u4tjz,country_paper
沙特阿拉伯,10.12794/metadc1752368,country_paper
沙特阿拉伯,10.30566/ijo-bs/2025.05.145,country_paper
沙特阿拉伯,10.4324/9781351040020,country_paper
沙特阿拉伯,10.5040/9780755656295.ch-009,country_paper
沙特阿拉伯,10.47722/imrj.2001.75,country_paper
沙特阿拉伯,10.30564/fls.v7i5.8738,country_paper
沙特阿拉伯,10.36227/techrxiv.173610627.74158003/v1,country_paper
沙特阿拉伯,10.4103/1658-6816.188080,country_paper
沙特阿拉伯,10.1038/s41598-025-32509-6,country_paper
沙特阿拉伯,10.5040/9780755656295.ch-003,country_paper
沙特阿拉伯,10.53910/26531313-e2021812572,country_paper
沙特阿拉伯,10.1080/13683500.2025.2533517,country_paper
沙特阿拉伯,10.21203/rs.3.rs-32291/v1,country_paper
沙特阿拉伯,10.12794/metadc2415927,country_paper
沙特阿拉伯,10.20944/preprints202409.1218.v1,country_paper
沙特阿拉伯,10.58587/18292437-2024.5-29,country_paper
沙特阿拉伯,10.2139/ssrn.6652901,country_paper
沙特阿拉伯,10.22394/1726-1139-2017-8-162-168,country_paper
沙特阿拉伯,10.23889/suthesis.70936,country_paper
沙特阿拉伯,10.5040/9780755656295.0006,country_paper
沙特阿拉伯,10.2139/ssrn.5464734,country_paper
沙特阿拉伯,10.4324/9781003660750-108,country_paper
沙特阿拉伯,10.2139/ssrn.2808611,country_paper
沙特阿拉伯,10.1159/000526361,country_paper
沙特阿拉伯,10.35308/jpp.v9i1.6294,country_paper
沙特阿拉伯,10.18623/rvd.v23.5861,country_paper
沙特阿拉伯,10.35741/issn.0258-2724.58.5.13,country_paper
沙特阿拉伯,10.1002/sd.70756,country_paper
阿联酋,10.51958/aaujbl2023v7i1p2,country_paper
沙特阿拉伯,10.4103/1319-3767.199119,country_paper
沙特阿拉伯,10.30573/ks--2020-mp03,country_paper
阿联酋,10.1177/13548166261468460,country_paper
法国,10.20961/cmes.18.2.106000,country_paper
阿联酋,10.15242/heaig.h0317447,country_paper
阿联酋,10.1007/978-981-15-6058-3_10,country_paper
阿联酋,10.54666/2334-003-001-020,country_paper
阿联酋,10.1108/oxan-es249946,country_paper
阿联酋,10.14451/1.244.561,country_paper
阿联酋,10.2139/ssrn.2406325,country_paper
阿联酋,10.3727/194344225x17315216888970,country_paper
阿联酋,10.15242/dirpub.uh1017105,country_paper
阿联酋,10.30892/gtg.40121-817,country_paper
阿联酋,10.2139/ssrn.5748182,country_paper
阿联酋,10.5040/9781978746664.ch-004,country_paper
阿联酋,10.51713/jotis.2025.5288,country_paper
阿联酋,10.1108/978-1-83797-837-320251030,country_paper
阿联酋,10.4324/9781003535690-29,country_paper
阿联酋,10.15242/dirpub.uh1017104,country_paper
中国,10.1080/19388160.2023.2169426,country_paper
阿联酋,10.20867/thm.29.4.17,country_paper
阿联酋,10.21608/ijhth.2020.120266,country_paper
阿联酋,10.7763/joebm.2015.v3.276,country_paper
阿联酋,10.1177/14673584241278451,country_paper
阿联酋,10.22364/rfr.36.18,country_paper
阿联酋,10.5296/rae.v11i4.16119,country_paper
阿联酋,10.7763/ijtef.2012.v3.243,country_paper
阿联酋,10.17265/2328-2169/2014.04.005,country_paper
阿联酋,10.21608/ijhth.2023.329408,country_paper
阿联酋,10.1108/oxan-es249830,country_paper
阿联酋,10.1080/13504851.2015.1078440,country_paper
阿联酋,10.21608/ijhth.2022.224853,country_paper
阿联酋,10.21608/jaauth.2008.68347,country_paper
阿联酋,10.34660/inf.2022.90.75.005,country_paper
卡塔尔,10.4324/9781315776576-9,country_paper
土耳其,10.51525/johti.997125,country_paper
卡塔尔,10.20867/tosee.04.19,country_paper
卡塔尔,10.1080/21568316.2014.947439,country_paper
卡塔尔,10.1080/21568316.2014.884978,country_paper
卡塔尔,10.1007/978-3-319-01669-6_533-1,country_paper
卡塔尔,10.1007/978-3-319-01669-6_533-2,country_paper
卡塔尔,10.1007/978-3-319-01669-6_533-3,country_paper
卡塔尔,10.4135/9781483368924.n366,country_paper
卡塔尔,10.1177/13548166211070742,country_paper
卡塔尔,10.5339/qfarf.2013.sshp-030,country_paper
卡塔尔,10.4135/9781483368924.n142,country_paper
卡塔尔,10.1016/j.tmp.2016.10.002,country_paper
卡塔尔,10.21474/ijar01/14180,country_paper
卡塔尔,10.5339/qfarc.2014.sspp0775,country_paper
卡塔尔,10.1186/s12889-025-24971-8,country_paper
卡塔尔,10.21474/ijar01/14009,country_paper
突尼斯,10.1016/j.tourman.2018.09.002,country_paper
卡塔尔,10.1080/14775085.2021.2017327,country_paper
卡塔尔,10.1186/s12909-024-06527-3,country_paper
卡塔尔,10.1007/978-3-030-74923-1_533,country_paper
卡塔尔,10.1007/978-3-319-01384-8_533,country_paper
卡塔尔,10.58329/criss.v2i1.18,country_paper
卡塔尔,10.52768/2993-1142/1083,country_paper
卡塔尔,10.1515/9781626370784-054,country_paper
卡塔尔,10.29117/quarfe.2021.0200,country_paper
卡塔尔,10.5339/qfarf.2013.eesp-040,country_paper
卡塔尔,10.14505//jemt.v12.2(50).29,country_paper
卡塔尔,10.3389/fspor.2024.1388123,country_paper
卡塔尔,10.5040/9781472553706.ch-007,country_paper
卡塔尔,10.1515/9781626370784-031,country_paper
卡塔尔,10.12816/0026075,country_paper
卡塔尔,10.5040/9781472553706.ch-003,country_paper
卡塔尔,10.5339/qfarf.2010.cso8,country_paper
卡塔尔,10.5040/9781472553706.ch-006,country_paper
卡塔尔,10.1515/9781626370784-046,country_paper
卡塔尔,10.5339/qfarf.2013.eep-036,country_paper
卡塔尔,10.34190/ictr.7.1.2208,country_paper
卡塔尔,10.3390/ijms242216361,country_paper
卡塔尔,10.1515/9781626370784-011,country_paper
卡塔尔,10.1177/1470357218775005,country_paper
卡塔尔,10.1108/jtf-12-2014-0024,country_paper
卡塔尔,10.1515/9781626370784-005,country_paper
卡塔尔,10.5040/9781472553706.ch-004,country_paper
卡塔尔,10.1515/9781626370784-034,country_paper
卡塔尔,10.1163/2213-2996_flg_com_158145,country_paper
卡塔尔,10.1515/9781626370784-049,country_paper
卡塔尔,10.1080/14775085.2015.1133316,country_paper
卡塔尔,10.1515/9781626370784-012,country_paper
卡塔尔,10.5040/9781472553706,country_paper
卡塔尔,10.21474/ijar01/12464,country_paper
卡塔尔,10.1515/9781626370784-026,country_paper
卡塔尔,10.2523/iptc-13270-ms,country_paper
卡塔尔,10.5339/qfarf.2012.ahp35,country_paper
卡塔尔,10.2523/13270-ms,country_paper
卡塔尔,10.63939/jsms.2025-vol8.n29.10-32,country_paper
卡塔尔,10.1016/j.gecco.2025.e03985,country_paper
卡塔尔,10.1093/tse/tdaf053,country_paper
卡塔尔,10.1080/14775085.2022.2097942,country_paper
卡塔尔,10.30892/gtg.454spl09-980,country_paper
卡塔尔,10.5040/9781472553706.ch-005,country_paper
卡塔尔,10.5339/qfarf.2013.biop-0189,country_paper
卡塔尔,10.21474/ijar01/10316,country_paper
阿曼,10.7765/9781526149107.00014,country_paper
伊朗,10.4324/9780429302732-11,country_paper
阿曼,10.1007/978-981-15-6058-3_7,country_paper
阿曼,10.4324/9781351061704-6,country_paper
阿曼,10.1163/2405-447x_loro_com_110028,country_paper
埃及,10.7765/9781526149107.00018,country_paper
卡塔尔,10.7765/9781526149107.00015,country_paper
英国,10.1016/0301-4215(92)90144-q,country_paper
阿联酋,10.1080/00263206.2012.731784,country_paper
美国,10.1057/9781137325747.0007,country_paper
阿联酋,10.1079/9781786394286.0001,country_paper
法国,10.1016/j.tourman.2018.06.019,country_paper
阿联酋,10.4324/9781003310624-13,country_paper
阿联酋,10.1002/jtr.557,country_paper
阿联酋,10.1080/13683500.2012.754411,country_paper
阿联酋,10.1080/10548408.2011.611743,country_paper
阿联酋,10.1079/9781780644585.0149,country_paper
法国,10.70675/f6f0e8cfz6a7dz4f22zb849z5d782adaffd1,country_paper
摩洛哥,10.1108/tr-07-2025-0768,country_paper
埃及,10.21608/jaauth.2025.377760.1678,country_paper
黎巴嫩,10.1515/9789400604377-009,country_paper
中国,10.1108/17506181111156925,country_paper
埃及,10.21608/jaauth.2026.503029.1784,country_paper
卡塔尔,10.1515/mmcks-2017-0013,country_paper
摩洛哥,10.1080/10941665.2013.866579,country_paper
沙特阿拉伯,10.20473/jhi.v16i2.41698,country_paper
沙特阿拉伯,10.47467/reslaj.v7i8.8264,country_paper
中国,10.32674/jis.v6i3.350,country_paper
西班牙,10.59287/nfshas.859,country_paper
中国,10.1016/j.jdmm.2021.100609,country_paper
埃及,10.21608/jaauth.2019.76478,country_paper
埃及,10.1038/nmiddleeast.2018.93,country_paper
黎巴嫩,10.1038/nmiddleeast.2017.130,country_paper
苏丹,10.1038/nmiddleeast.2017.149,country_paper
埃及,10.1038/nmiddleeast.2016.197,country_paper
巴林,10.5040/9798400686573.ch.003,country_paper
阿曼,10.5040/9798400686573.ch.014,country_paper
约旦,10.1017/s0020743800033250,country_paper
突尼斯,10.5040/9798400686573.ch.019,country_paper
约旦,10.3751/79.1.308,country_paper
卡塔尔,10.5040/9798400686573.ch.016,country_paper
也门,10.5040/9798400686573.ch.022,country_paper
黎巴嫩,10.1111/mepo.12405,country_paper
约旦,10.5040/9798400686573.ch.009,country_paper
土耳其,10.1111/mepo.12705,country_paper
土耳其,10.1080/19436149.2022.2135364,country_paper
黎巴嫩,10.46692/9781847427809.011,country_paper
突尼斯,10.3751/75.1.14,country_paper
阿尔及利亚,10.2307/3013349,country_paper
埃及,10.5040/9798400686573.ch.005,country_paper
叙利亚,10.5040/9798400686573.ch.018,country_paper
黎巴嫩,10.5040/9798400686573.ch.011,country_paper
摩洛哥,10.5040/9798400686573.ch.013,country_paper
叙利亚,10.1111/mepo.12522,country_paper
约旦,10.3751/76.3.30,country_paper
阿尔及利亚,10.5040/9798400686573.ch.002,country_paper
沙特阿拉伯,10.5040/9798400686573.ch.017,country_paper
伊朗,10.1080/19436149.2026.2614114,country_paper
埃及,10.4324/9781003044604-27,country_paper
约旦,10.1017/s0020743800060700,country_paper
埃及,10.21832/9781845416157-006,country_paper
突尼斯,10.2307/jj.22730609.13,country_paper
突尼斯,10.21832/9781845416157-011,country_paper
阿曼,10.21608/jaauth.2022.131100.1343,country_paper
埃及,10.21608/jaauth.2014.57542,country_paper
阿曼,10.21832/9781845416157-005,country_paper
沙特阿拉伯,10.2307/jj.22730609.6,country_paper
约旦,10.5749/9780816666560-006,country_paper
埃及,10.21608/jaauth.2021.58545.1121,country_paper
埃及,10.21608/jaauth.2017.48140,country_paper
埃及,10.21608/jaauth.2026.492926.1770,country_paper
埃及,10.21608/jaauth.2022.100690.1253,country_paper
巴勒斯坦,10.64903/1480-6800-27.3-4.205,country_paper
埃及,10.21608/jaauth.2023.219410.1479,country_paper
埃及,10.21608/jaauth.2022.123253.1305,country_paper
沙特阿拉伯,10.21832/9781845416157-004,country_paper
阿联酋,10.2307/jj.22730609.10,country_paper
埃及,10.21608/jaauth.2020.43059.1072,country_paper
卡塔尔,10.64903/1480-6800.20.1.42,country_paper
埃及,10.21608/jaauth.2014.57567,country_paper
阿曼,10.2307/jj.22730609.19,country_paper
约旦,10.4324/9780203043981-20,country_paper
沙特阿拉伯,10.1007/978-1-349-63443-9_8,country_paper
英国,10.21511/tt.3(1).2020.01,country_paper
摩洛哥,10.4337/9781784718602.00020,country_paper
中国,10.1057/pb.2014.28,country_paper
沙特阿拉伯,10.1002/jtr.825,country_paper
阿曼,10.1016/j.tmp.2017.07.016,country_paper
沙特阿拉伯,10.1016/j.jhtm.2016.01.008,country_paper
沙特阿拉伯,10.22271/27069583.2025.v7.i1b.128,country_paper
沙特阿拉伯,10.64628/ab.dhxky39vj,country_paper
沙特阿拉伯,10.3727/108354212x13473157390849,country_paper
沙特阿拉伯,10.21832/9781845410520-012,country_paper
沙特阿拉伯,10.4018/978-1-5225-2796-1.ch010,country_paper
沙特阿拉伯,10.4018/978-1-7998-3435-9.ch007,country_paper
沙特阿拉伯,10.33423/jsis.v18i3.6496,country_paper
沙特阿拉伯,10.1108/tr-11-2018-0155,country_paper
沙特阿拉伯,10.24247/ijmperdoct202066,country_paper
摩洛哥,10.1079/9781845932251.0078,country_paper
沙特阿拉伯,10.11113/ijibs.v19.150,country_paper
巴勒斯坦,10.4324/9781315770345-7,country_paper
摩洛哥,10.1079/9781845932251.0035,country_paper
巴勒斯坦,10.1007/978-981-19-9677-1_8,country_paper
摩洛哥,10.1079/9781845932251.0015,country_paper
摩洛哥,10.1079/9781789241129.0096,country_paper
英国,10.1163/9789047409823_003,country_paper
摩洛哥,10.1079/9781780645230.0103,country_paper
英国,10.5040/9798216183396.ch-005,country_paper
摩洛哥,10.1079/9781845932251.0184,country_paper
埃及,10.1093/acrefore/9780190228637.013.694,country_paper
中国,10.1057/9781137318503.0014,country_paper
埃及,10.1163/2451-9537_cmrii_com_28510,country_paper
伊朗,10.1079/tourism.2024.0036,country_paper
中国,10.1108/s2042-1443(2010)0000002011,country_paper
沙特阿拉伯,10.21786/bbrc/14.4.88,country_paper
沙特阿拉伯,10.1163/9789004513174_002,country_paper
沙特阿拉伯,10.1163/9789004181298_emp_sim_00319,country_paper
沙特阿拉伯,10.1163/2213-2139_emp_sim_00319,country_paper
沙特阿拉伯,10.7560/776203-007,country_paper
沙特阿拉伯,10.1515/9781399520737-014,country_paper
沙特阿拉伯,10.1163/9789004513174_012,country_paper
沙特阿拉伯,10.2307/j.ctv19fvzqz.10,country_paper
沙特阿拉伯,10.1163/9789004513174_011,country_paper
沙特阿拉伯,10.1017/cbo9781139343794.011,country_paper
沙特阿拉伯,10.1515/9780691225142-008,country_paper
沙特阿拉伯,10.1163/9789004513174_019,country_paper
沙特阿拉伯,10.58837/chula.rarebook.2696,country_paper
沙特阿拉伯,10.4324/9781315597089-5,country_paper
沙特阿拉伯,10.4324/9781315597089-2,country_paper
沙特阿拉伯,10.1515/9781399520737-013,country_paper
沙特阿拉伯,10.64628/aai.jvnrafdpv,country_paper
沙特阿拉伯,10.1136/bmj.1.1791.948,country_paper
沙特阿拉伯,10.33612/diss.132290623,country_paper
沙特阿拉伯,10.1017/cbo9781139034548.015,country_paper
沙特阿拉伯,10.1017/cbo9780511686993.003,country_paper
沙特阿拉伯,10.64628/ab.3fggue47t,country_paper
沙特阿拉伯,10.1016/s0140-6736(00)90190-9,country_paper
沙特阿拉伯,10.1016/s0140-6736(01)09478-8,country_paper
沙特阿拉伯,10.1163/9789004513174_018,country_paper
沙特阿拉伯,10.1515/9781399520737-011,country_paper
沙特阿拉伯,10.1136/bmj.1.3720.766,country_paper
沙特阿拉伯,10.22452/muqaddimah.vol7no1.4,country_paper
沙特阿拉伯,10.1136/bmj.2.3650.1052,country_paper
沙特阿拉伯,10.1163/9789004513174,country_paper
沙特阿拉伯,10.1515/9781399520737-016,country_paper
沙特阿拉伯,10.4324/9781003110903-10,country_paper
沙特阿拉伯,10.64628/aaj.ta5k3d439,country_paper
沙特阿拉伯,10.5040/9781350084452.0016,country_paper
沙特阿拉伯,10.1038/scientificamerican10251902-22415csupp,country_paper
中国,10.1007/978-981-99-5009-6_10166,country_paper
中国,10.21608/jsh.2024.360574,country_paper
中国,10.1080/19388160802711402,country_paper
中国,10.1080/19388160.2013.784169,country_paper
阿尔及利亚,10.1038/nmiddleeast.2013.145,country_paper
英国,10.23943/princeton/9780691181899.003.0007,country_paper
阿尔及利亚,10.1038/nmiddleeast.2011.74,country_paper
叙利亚,10.1525/california/9780520286931.003.0017,country_paper
巴林,10.2307/3013143,country_paper
苏丹,10.2307/3013177,country_paper
阿尔及利亚,10.2307/3013364,country_paper
埃及,10.2307/3013301,country_paper
苏丹,10.1038/nmiddleeast.2016.129,country_paper
叙利亚,10.1038/nmiddleeast.2013.129,country_paper
摩洛哥,10.2307/1559304,country_paper
土耳其,10.1007/978-981-19-5763-5_17,country_paper
阿尔及利亚,10.1163/ejb9789004249028.b03226,country_paper
埃及,10.2307/1520214,country_paper
阿尔及利亚,10.1163/9789004249028.b03226,country_paper
阿尔及利亚,10.1163/9789004249028.umeob03226,country_paper
也门,10.2307/3012150,country_paper
埃及,10.21608/jaauth.2021.66488.1149,country_paper
利比亚,10.18356/9789211545029c011,country_paper
伊拉克,10.18356/9789211545029c010,country_paper
埃及,10.21608/jaauth.2022.130834.1339,country_paper
阿尔及利亚,10.1057/9780230359505_3,country_paper
英国,10.30525/978-9934-26-646-1-13,country_paper
埃及,10.21608/jaauth.2020.40875.1069,country_paper
英国,10.36059/978-966-397-585-6-26,country_paper
也门,10.4324/9781003344414-9,country_paper
阿尔及利亚,10.2307/3012962,country_paper
埃及,10.2307/3013295,country_paper
叙利亚,10.1111/mepo.12251,country_paper
中国,10.4324/9781003048404-34,country_paper
巴林,10.1017/rms.2018.17,country_paper
也门,10.1163/18763375-20251530,country_paper
土耳其,10.4324/9781003295839-13,country_paper
伊朗,10.1007/978-981-19-5763-5_12,country_paper
埃及,10.21608/jaauth.2018.47955,country_paper
英国,10.30958/ajt.9-1-1,country_paper
埃及,10.21608/jaauth.2021.74278.1171,country_paper
中国,10.1007/978-981-19-1661-8_1,country_paper
中国,10.1016/j.jdmm.2016.09.007,country_paper
沙特阿拉伯,10.36348/sjbms.2020.v05i10.002,country_paper
阿联酋,10.64903/1480-6800-26.2.142,country_paper
埃及,10.2307/jj.22730609.16,country_paper
埃及,10.21832/9781845416157-014,country_paper
中国,10.4197/comm.2-2.6,country_paper
中国,10.1515/caas-2023-030202,country_paper
埃及,10.21608/jaauth.2025.439168.1718,country_paper
埃及,10.21608/jaauth.2025.381802.1680,country_paper
中国,10.1515/caas-2024-2010,country_paper
埃及,10.21608/ijhth.2021.204192,country_paper
埃及,10.4324/9781315829074-1,country_paper
中国,10.1177/1468797617737998,country_paper
中国,10.1515/caas-2025-2003,country_paper
也门,10.4324/9780203168042-65,country_paper
美国,10.1201/b19856-18,country_paper
中国,10.1201/b19856-9,country_paper
中国,10.1201/b19856-8,country_paper
沙特阿拉伯,10.5367/000000004323142443,country_paper
中国,10.1201/b19856-31,country_paper
中国,10.4324/9781003121329-6,country_paper
中国,10.4324/9781003121329-5,country_paper
法国,10.1002/9781394306329.ch7,country_paper
中国,10.4324/9781003121329-3,country_paper
中国,10.4324/9781315188317-4,country_paper
中国,10.1300/j073v20n03_12,country_paper
中国,10.1080/10548400802156810,country_paper
中国,10.4324/9780203048436-24,country_paper
中国,10.1787/888932990121,country_paper
土耳其,10.1787/888932989551,country_paper
法国,10.1787/888932986891,country_paper
埃及,10.1787/888932990349,country_paper
阿联酋,10.4324/9780080878904-17,country_paper
阿联酋,10.1016/s1572-560x(08)00410-1,country_paper
阿联酋,10.26493/2335-4194.14.165-174,country_paper
阿联酋,10.2307/j.ctv36xw2mn.21,country_paper
阿联酋,10.1109/ngct.2016.7877385,country_paper
中国,10.35678/2539-5645.5(36).2022.42-54,country_paper
中国,10.1007/978-981-96-1820-0_8,country_paper
阿联酋,10.1159/000502175,country_paper
阿联酋,10.17758/uruae1.uh0518210,country_paper
阿联酋,10.4172/2324-8807.1000184,country_paper
中国,10.18778/0867-5856.34.1.10,country_paper
阿联酋,10.37383/sbj14021902,country_paper
中国,10.5814/j.issn.1674-764x.2023.02.009,country_paper
阿联酋,10.1159/000518780,country_paper
阿联酋,10.1515/9789048527014-012,country_paper
阿联酋,10.5539/jsd.v8n9p147,country_paper
中国,10.3390/su12041658,country_paper
阿联酋,10.1159/000526819,country_paper
中国,10.6007/ijarems/v13-i2/20949,country_paper
中国,10.17265/2328-2169/2020.01.002,country_paper
阿联酋,10.2139/ssrn.3401811,country_paper
阿联酋,10.18502/dmj.v8i1.18316,country_paper
英国,10.22202/economica.2020.v9.i2.4553,country_paper
中国,10.1007/978-981-96-1820-0_13,country_paper
中国,10.1007/978-981-96-1820-0_9,country_paper
阿联酋,10.55277/researchhub.ufbypkra.1,country_paper
阿联酋,10.15415/jmrh.2016.31006,country_paper
中国,10.4108/eai.17-6-2022.2322613,country_paper
阿联酋,10.26643/rb.v118i10.9326,country_paper
中国,10.21203/rs.3.rs-3465411/v1,country_paper
阿联酋,10.55277/researchhub.3pgaq646,country_paper
阿联酋,10.55277/researchhub.vhkblvl5,country_paper
阿联酋,10.55277/researchhub.zkl6goib,country_paper
阿联酋,10.55277/researchhub.0cs4rdes,country_paper
法国,10.21608/aakj.2025.429364.2248,country_paper
阿联酋,10.1109/icsc56524.2022.10009235,country_paper
中国,10.1016/j.heliyon.2024.e29820,country_paper
阿联酋,10.55277/researchhub.esfoonxi,country_paper
阿联酋,10.3390/su142215042,country_paper
中国,10.4028/www.scientific.net/amm.361-363.21,country_paper
阿联酋,10.3390/antibiotics13100967,country_paper
美国,10.52783/anuval.720,country_paper
阿联酋,10.1515/9783035602760.188,country_paper
阿联酋,10.5040/9781350989320.ch-001,country_paper
中国,10.2139/ssrn.4494378,country_paper
中国,10.1080/19388160802313787,country_paper
中国,10.1080/19388160.2011.627020,country_paper
中国,10.1080/19388160.2011.627000,country_paper
中国,10.1080/19388160.2011.627015,country_paper
中国,10.1080/19388160.2012.704248,country_paper
中国,10.1080/19388160.2011.576937,country_paper
中国,10.12677/jc.2024.126211,country_paper
中国,10.1080/19388160903149965,country_paper
中国,10.1080/19388160.2012.704235,country_paper
中国,10.12677/wer.2025.146094,country_paper
法国,10.1080/19388160903152779,country_paper
中国,10.12677/jlce.2020.92014,country_paper
中国,10.18306/j.issn.1007-6301.2022.5.dlkxjz202205009,country_paper
中国,10.1080/19388160.2011.627009,country_paper
法国,10.1177/1468797617723472,country_paper
埃及,10.2307/3245432,country_paper
中国,10.1080/14766825.2015.1113981,country_paper
中国,10.1515/9781501766947-011,country_paper
法国,10.4324/9780080517285-20,country_paper
英国,10.1177/0022022117753546,country_paper
法国,10.1177/1748048510393656,country_paper
卡塔尔,10.56334/sei/8.4.40,country_paper
法国,10.17918/etd-7757,country_paper
卡塔尔,10.30612/rmufgd.v13i25.15989,country_paper
埃及,10.35516/0103-044-986-021,country_paper
卡塔尔,10.1177/1742766516676208,country_paper
伊朗,10.61710/2agnnp63,country_paper
叙利亚,10.54529/2325-006-001-016,country_paper
利比亚,10.1080/19436149.2015.1050784,country_paper
利比亚,10.1386/jammr.9.1.119_1,country_paper
卡塔尔,10.4324/9781315636092-2,country_paper
埃及,10.1386/jammr.5.1.19_1,country_paper
伊朗,10.33086/jic.v6i2.6537,country_paper
埃及,10.35516/0103-045-004-018,country_paper
伊朗,10.1386/ajms.2.3.417_1,country_paper
伊拉克,10.18630/kaall.2008.12.2.011,country_paper
阿曼,10.63132/ati.2025.mediac.41736457,country_paper
伊朗,10.2139/ssrn.5150761,country_paper
伊拉克,10.1177/1742766506069587,country_paper
英国,10.1080/17405904.2024.2328626,country_paper
也门,10.1163/2210-7975_hrd-1323-20180426,country_paper
美国,10.3726/978-3-0353-0657-6/13,country_paper
中国,10.1016/j.tourman.2023.104843,country_paper
摩洛哥,10.12677/ass.2017.61003,country_paper
摩洛哥,10.12677/sd.2026.162056,country_paper
中国,10.12677/gser.2012.11001,country_paper
中国,10.12677/ecl.2025.14124160,country_paper
约旦,10.5040/9781628927818.ch-009,country_paper
叙利亚,10.4135/9781412972048.n615,country_paper
埃及,10.23912/9781910158814-3432,country_paper
阿曼,10.3390/journalmedia7010006,country_paper
埃及,10.21608/jaauth.2023.187218.1418,country_paper
埃及,10.1057/978-1-137-58141-9_10,country_paper
埃及,10.21608/jaauth.2020.27638.1006,country_paper
伊拉克,10.4324/9780429427084-14,country_paper
埃及,10.4324/9780429427084-10,country_paper
沙特阿拉伯,10.12794/metadc2179293,country_paper
美国,10.5040/9781350988057.ch-006,country_paper
利比亚,10.4324/9780429427084-24,country_paper
中国,10.2139/ssrn.5371896,country_paper
美国,10.1016/j.jdmm.2017.02.001,country_paper
法国,10.4337/9781800371415.00008,country_paper
阿尔及利亚,10.4324/9780429427084-4,country_paper
巴勒斯坦,10.70190/jq.i68.p111,country_paper
中国,10.1080/10286632.2026.2636116,country_paper
法国,10.65701/q9m2g5d8x1,country_paper
摩洛哥,10.1117/12.3065242,country_paper
中国,10.2139/ssrn.5412124,country_paper
英国,10.63485/p9k9m-4jp75,country_paper
美国,10.22541/au.168323192.20543041/v1,country_paper
阿曼,10.1080/17501229.2026.2669321,country_paper
中国,10.55277/researchhub.mtz7929s,country_paper
阿曼,10.1007/s43681-026-01129-9,country_paper
摩洛哥,10.1007/s43681-024-00521-7,country_paper
美国,10.1016/b978-0-443-33124-4.00012-6,country_paper
土耳其,10.4324/9781003293019-10,country_paper
美国,10.3233/sw-200422,country_paper
阿尔及利亚,10.1016/j.daach.2026.e00546,country_paper
美国,arxiv/2309.16635v1,country_paper
中国,arxiv/2309.02136v1,country_paper
美国,arxiv/1207.3422v1,country_paper
中国,arxiv/2111.07555v1,country_paper
中国,10.52202/080424-0021,country_paper
中国,10.4324/9781003362500-3,country_paper
中国,10.5040/9781350223967.ch-002,country_paper
中国,10.2307/j.ctv22jnkvz.8,country_paper
中国,10.1007/978-981-10-3398-8_3,country_paper
中国,10.1007/978-3-319-29549-7_9,country_paper
中国,10.4324/9780203835791-10,country_paper
中国,10.4324/9780203122099-11,country_paper
中国,10.4324/9781003218753-4,country_paper
中国,10.5040/9781350223295.ch-002,country_paper
中国,10.1177/0009445517696632,country_paper
中国,10.1080/10286632.2019.1709058,country_paper
伊朗,10.3366/edinburgh/9781399517454.003.0005,country_paper
中国,10.1007/978-981-10-3398-8_5,country_paper
中国,10.5040/9781350221406.ch-013,country_paper
中国,10.4324/9780429320224-3,country_paper
中国,10.1007/978-981-10-3398-8_2,country_paper
中国,10.2307/jj.20523047.12,country_paper
中国,10.1080/10286632.2014.1002487,country_paper
苏丹,10.1163/2210-7975_hrd-0128-20180061,country_paper
中国,10.13128/cambio-8510,country_paper
中国,10.1007/978-981-10-4175-4_21,country_paper
中国,10.1007/978-981-10-3398-8_4,country_paper
中国,10.1007/978-981-10-3398-8_9,country_paper
中国,10.1007/978-981-10-7533-9_3,country_paper
中国,10.4324/9781003218753-3,country_paper
中国,10.18778/1641-4233.22.03,country_paper
中国,10.1007/978-981-10-3398-8_6,country_paper
中国,10.1080/10286632.2020.1845322,country_paper
中国,10.1007/978-981-10-3398-8_7,country_paper
中国,10.4324/9781315725437-54,country_paper
中国,10.1080/10286630903134300,country_paper
中国,10.1177/2059436416662037,country_paper
中国,10.2139/ssrn.6287039,country_paper
中国,10.4324/9781351203470-9,country_paper
中国,10.4324/9781351203470-10,country_paper
中国,10.1080/23311983.2023.2178585,country_paper
中国,10.1057/9780230116375_1,country_paper
中国,10.7312/bayk19544-009,country_paper
中国,10.4324/9780429320538-1,country_paper
中国,10.1177/2059436419849724,country_paper
中国,10.7312/bayk19544-011,country_paper
中国,10.1007/978-981-99-0714-4_16,country_paper
中国,10.17265/2159-5836/2018.05.006,country_paper
美国,10.1163/ej.9789004176911.i-380.85,country_paper
埃及,10.1057/s41254-026-00439-3,country_paper
美国,10.1163/ej.9789004176911.i-380.75,country_paper
中国,10.1080/10286632.2025.2599799,country_paper
英国,10.33402/ukr.2023-38-153-170,country_paper
中国,10.2139/ssrn.3033197,country_paper
中国,10.1080/10286632.2022.2141718,country_paper
中国,10.5040/9781666989007.ch-14,country_paper
阿曼,10.1007/978-3-032-08673-0_14,country_paper
中国,10.1079/tourism.2022.0005,country_paper
阿曼,10.47467/reslaj.v8i5.11916,country_paper
中国,10.3727/108354218x15391984820558,country_paper
中国,10.35820/jmcs.24.2.9,country_paper
中国,10.1080/19388160.2012.703923,country_paper
中国,10.4324/9781003412380-8,country_paper
美国,10.1080/09592296.2012.651965,country_paper
中国,10.64628/ab.xatks6nqw,country_paper
英国,10.1080/09548963.2013.819662,country_paper
摩洛哥,10.3390/tourhosp7020041,country_paper
摩洛哥,10.1080/19407963.2010.512207,country_paper
摩洛哥,10.1080/19407963.2018.1556855,country_paper
英国,10.21832/9781845410452-019,country_paper
中国,10.1080/14766825.2013.767999,country_paper
摩洛哥,10.16937/jcp.28.2.201408.154,country_paper
中国,10.1080/19407963.2010.512204,country_paper
中国,10.3727/108354212x13412775928140,country_paper
摩洛哥,10.1080/10286632.2012.743531,country_paper
埃及,10.21608/ijtah.2023.186263.1045,country_paper
法国,10.31336/jtlr.2020.11.32.11.407,country_paper
中国,10.2196/preprints.46589,country_paper
美国,10.20414/juwita.v1i2.5525,country_paper
中国,10.2139/ssrn.6957401,country_paper
中国,10.2139/ssrn.7038810,country_paper
中国,10.1111/risa.70241,country_paper
中国,10.2139/ssrn.4696514,country_paper
摩洛哥,10.22556/jctc.2025.11.4.111,country_paper
英国,10.21070/2020/978-623-6833-19-3,country_paper
中国,10.1080/10286632.2022.2059075,country_paper
中国,10.2307/j.ctv36xw5t6.6,country_paper
中国,10.1007/978-3-031-00852-8_3,country_paper
阿曼,10.24294/jipd.v8i9.7016,country_paper
中国,10.1007/978-981-15-5171-0_1,country_paper
中国,10.1142/9789813278905_0015,country_paper
中国,10.1515/9789629375287-012,country_paper
中国,10.18130/v3bq0n,country_paper
中国,10.5220/0010280105500554,country_paper
中国,10.51879/pijssl/060707,country_paper
中国,10.1007/978-981-16-3268-6_6,country_paper
突尼斯,10.3727/108354220x16072745285710,country_paper
摩洛哥,10.1080/19407963.2018.1556674,country_paper
中国,10.4324/9780203820346-19,country_paper
中国,10.1080/19388160.2020.1733337,country_paper
中国,10.4324/9781003243984-1,country_paper
法国,10.52255/smarttourism.2021.1.4.4,country_paper
法国,10.52255/smarttourism.2022.2.3.4,country_paper
法国,10.2478/9788395793806-003,country_paper
法国,10.22373/sanger.v2i1.5688,country_paper
法国,10.1002/jtr.2437,country_paper
沙特阿拉伯,10.34218/ijtr_03_01_002,country_paper
法国,10.1007/978-981-97-1552-7_52,country_paper
法国,10.1109/wincom65874.2025.11313467,country_paper
卡塔尔,10.1177/27652157261444321,country_paper
法国,10.21298/ijthr.2021.3.35.3.57,country_paper
埃及,10.21608/pijth.2022.262065,country_paper
中国,10.4108/eai.3-11-2023.2342220,country_paper
中国,10.1177/13548166231206241,country_paper
中国,10.1177/13548166251394428,country_paper
中国,10.2991/978-94-6463-636-9_10,country_paper
中国,10.1080/19388160.2026.2680931,country_paper
中国,10.4108/eai.6-1-2023.2330359,country_paper
科威特,10.4324/9781315776576-7,country_paper
科威特,10.4324/9781315776576-12,country_paper
中国,10.38142/jtep.v3i4.866,country_paper
中国,10.1108/tr-07-2023-0468,country_paper
中国,10.20288/jcs.2023.26.3.1,country_paper
中国,10.1016/j.jdec.2023.12.002,country_paper
中国,10.4337/9781803926902.00024,country_paper
中国,10.1080/13683500.2024.2386156,country_paper
卡塔尔,10.1080/02508281.2014.11081329,country_paper
巴林,10.4324/9781315776576-6,country_paper
美国,10.11594/nstp.2023.3374,country_paper
中国,10.1007/978-3-030-36342-0_3,country_paper
中国,10.1007/s40558-023-00270-z,country_paper
中国,10.1016/j.jhtm.2023.08.015,country_paper
中国,10.18306/dlkxjz.2024.10.001,country_paper
中国,10.4108/eai.24-5-2024.2350132,country_paper
中国,10.1016/j.tourman.2020.104151,country_paper
沙特阿拉伯,10.4324/9781315776576-14,country_paper
中国,10.2139/ssrn.5433809,country_paper
中国,10.1080/13683500.2025.2555501,country_paper
中国,10.4324/9781003610625-16,country_paper
中国,10.20944/preprints202312.1979.v1,country_paper
中国,10.21203/rs.3.rs-8245417/v1,country_paper
中国,10.1080/19388160.2025.2523254,country_paper
中国,10.30693/smj.2024.13.9.18,country_paper
摩洛哥,10.1016/0160-7383(82)90093-7,country_paper
突尼斯,10.1080/14616681003725227,country_paper
摩洛哥,10.1080/02508281.2009.11081574,country_paper
西班牙,10.1016/j.tmp.2014.03.001,country_paper
英国,10.14293/pr2199.001186.v1,country_paper
中国,10.12677/ecl.2024.132183,country_paper
中国,10.12677/ecl.2024.1341852,country_paper
中国,10.1080/19388160.2012.729402,country_paper
法国,10.47750/qas/25.199.41,country_paper
法国,10.1016/j.tourman.2004.02.017,country_paper
法国,10.1177/14673584221075179,country_paper
法国,10.1016/j.tourman.2015.10.006,country_paper
法国,10.3727/154427209789130666,country_paper
法国,10.4324/9781315235967-8,country_paper
法国,10.1016/j.tourman.2018.08.019,country_paper
法国,10.1007/s40558-018-0131-x,country_paper
法国,10.62598/9thicva.023,country_paper
法国,10.63385/etsd.v2i1.262,country_paper
法国,10.1016/j.jort.2019.100275,country_paper
法国,10.32725/det.2024.019,country_paper
法国,10.3727/109830418x15369281878413,country_paper
法国,10.1177/109634800102500401,country_paper
法国,10.32725/det.2018.005,country_paper
法国,10.1002/jtr.1915,country_paper
法国,10.32725/det.2013.003,country_paper
法国,10.5539/ijms.v7n4p9,country_paper
法国,10.26565/2310-9513-2018-7-19,country_paper
法国,10.26650/acin.1645953,country_paper
法国,10.34925/eip.2022.141.4.064,country_paper
法国,10.4172/2324-8807.1000175,country_paper
法国,10.1080/1528008x.2018.1512935,country_paper
法国,10.1016/j.tourman.2012.08.002,country_paper
法国,10.1007/978-94-017-9529-6_12,country_paper
法国,10.15181/rfds.v19i2.1284,country_paper
法国,10.2478/ejthr-2025-0013,country_paper
土耳其,10.53353/atrss.1291798,country_paper
法国,10.1016/s0261-5177(96)00116-1,country_paper
法国,10.48048/asi.2026.284936,country_paper
中国,10.37741/t.73.2.3,country_paper
法国,10.4324/9781003161868-9,country_paper
法国,10.32725/det.2019.032,country_paper
法国,10.1016/j.tourman.2014.11.005,country_paper
中国,10.1080/10670560500065629,country_paper
中国,10.1080/14631369.2014.939329,country_paper
法国,10.3828/cfc.2014.2,country_paper
中国,10.1007/978-981-99-6515-1_1,country_paper
中国,10.1007/978-981-33-6742-5_53,country_paper
中国,10.5040/9789356405677.0006,country_paper
中国,10.1007/978-981-96-9490-7_4,country_paper
中国,10.5040/9789356405677.ch-006,country_paper
中国,10.5040/9789356405677.ch-005,country_paper
伊朗,10.61630/crjis.v4i2.98,country_paper
中国,10.1007/978-981-96-9490-7_2,country_paper
中国,10.1007/978-981-96-9490-7_10,country_paper
中国,10.1007/978-981-96-9490-7_1,country_paper
中国,10.5040/9789356405677.ch-007,country_paper
中国,10.1007/978-981-96-9490-7_8,country_paper
中国,10.1007/978-981-96-9490-7_9,country_paper
中国,10.5040/9789356405677.ch-003,country_paper
埃及,10.1163/18750214-bja10010,country_paper
英国,10.1177/14614456020040041102,country_paper
阿尔及利亚,10.3828/cfc.2013.7,country_paper
中国,10.1007/978-981-96-9490-7_14,country_paper
阿尔及利亚,10.1515/9781800736801-011,country_paper
英国,10.33989/2075-1443.2020.44.220517,country_paper
英国,10.29202/up/4/11,country_paper
英国,10.32420/2009.50.2063,country_paper
中国,10.48647/icca.2023.53.27.005,country_paper
摩洛哥,10.64058/gcs260101cepdc,country_paper
摩洛哥,10.20968/rpm/2015/v13/i1/68567,country_paper
英国,10.31516/2410-5325.073.01,country_paper
阿曼,10.5040/9781666996395.ch-007,country_paper
中国,10.1080/01596306.2025.2465290,country_paper
伊朗,10.20431/2454-7654.0204007,country_paper
中国,10.12677/ml.2023.113165,country_paper
中国,10.18002/sin.v1i1.5179,country_paper
中国,10.59825/jcs.2025.3.4.13,country_paper
摩洛哥,10.12677/ml.2026.142174,country_paper
阿联酋,10.51525/johti.1528836,country_paper
法国,10.22556/jctc.2026.12.2.89,country_paper
美国,10.4000/14gbd,country_paper
法国,10.1108/jima-08-2023-0235,country_paper
法国,10.1016/j.jdmm.2020.100543,country_paper
中国,10.1080/19388160.2010.527569,country_paper
中国,10.1080/19388160.2010.481606,country_paper
伊拉克,10.5860/choice.41-2511,country_paper
沙特阿拉伯,10.18111/9789284407217,country_paper
西班牙,arxiv/2311.14009v1,country_paper
美国,arxiv/1802.05948v1,country_paper
西班牙,arxiv/1805.00861v1,country_paper
中国,10.2307/jj.22730685.8,country_paper
中国,10.2307/jj.22730685.11,country_paper
中国,10.21832/9781845415945-006,country_paper
中国,10.3390/su11030840,country_paper
中国,10.2307/jj.22730685.10,country_paper
中国,10.2307/jj.22730685.9,country_paper
中国,10.2307/jj.22730685.12,country_paper
中国,10.1080/1743873x.2017.1327564,country_paper
西班牙,10.3390/su11215880,country_paper
中国,10.21832/9781845415945-009,country_paper
中国,10.1080/09669582.2015.1085868,country_paper
中国,10.21832/9781845415945-007,country_paper
中国,10.21832/9781845415945-008,country_paper
中国,10.21832/9781845415945-010,country_paper
美国,10.3390/su12229484,country_paper
阿曼,10.1108/jchmsd-12-2025-0491,country_paper
西班牙,10.3390/heritage6100339,country_paper
伊朗,10.4324/9781315546339-5,country_paper
中国,10.4324/9781003457558-7,country_paper
中国,10.53596/q66zsg63,country_paper
西班牙,10.20944/preprints202309.0045.v1,country_paper
英国,10.4324/9781003496786-11,country_paper
约旦,10.2307/j.ctv12pnrqm.8,country_paper
沙特阿拉伯,10.1080/1743873x.2019.1594836,country_paper
土耳其,10.30958/ajt.7-4-3,country_paper
埃及,10.1201/9781003759881-5,country_paper
西班牙,10.21719/ijtms.32.5.23,country_paper
埃及,10.1201/9781003759881-2,country_paper
埃及,10.1201/9781003759881-8,country_paper
土耳其,10.1080/1743873x.2022.2096457,country_paper
约旦,10.3727/108354208788160414,country_paper
伊朗,10.2139/ssrn.6439461,country_paper
中国,10.21832/su8632,country_paper
中国,10.2307/jj.22679678.9,country_paper
西班牙,10.4324/9780203583685-29,country_paper
中国,10.2307/jj.22679678.6,country_paper
摩洛哥,10.21275/sr251005151059,country_paper
中国,10.21832/9781845418649,country_paper
中国,10.2307/jj.22679678.14,country_paper
中国,10.2307/jj.22679678.10,country_paper
中国,10.2307/jj.22679678.1,country_paper
中国,10.2307/jj.22679678.8,country_paper
中国,10.2307/jj.22679678.13,country_paper
中国,10.2307/jj.22679678.2,country_paper
中国,10.21832/9781845418649-014,country_paper
中国,10.2307/jj.22679678.12,country_paper
中国,10.21832/9781845418649-003,country_paper
中国,10.21832/9781845418649-013,country_paper
中国,10.2307/jj.22679678.11,country_paper
中国,10.21832/9781845418649-002,country_paper
中国,10.2307/jj.22679678.7,country_paper
中国,10.21832/9781845418649-007,country_paper
中国,10.21832/9781845418649-001,country_paper
中国,10.21832/9781845418649-fm,country_paper
中国,10.21832/9781845418649-toc,country_paper
中国,10.21832/9781845418649-012,country_paper
摩洛哥,10.2307/j.ctv2n06j96.18,country_paper
摩洛哥,10.4324/9780429274398-6,country_paper
摩洛哥,10.4324/9780429274398-19,country_paper
摩洛哥,10.1177/1467358415610375,country_paper
摩洛哥,10.1079/tourism.2025.0044,country_paper
摩洛哥,10.1080/19407963.2021.2004417,country_paper
摩洛哥,10.2307/j.ctv21hrfhd.8,country_paper
摩洛哥,10.1093/oxfordhb/9780199687169.013.3,country_paper
摩洛哥,10.4324/9780429274398-17,country_paper
摩洛哥,10.21325/jotags.2018.234,country_paper
摩洛哥,10.18089/tms.2020.160103,country_paper
摩洛哥,10.2307/j.ctv21hrfhd.13,country_paper
摩洛哥,10.1007/978-3-319-01669-6_84-1,country_paper
摩洛哥,10.1002/jtr.2011,country_paper
摩洛哥,10.2307/j.ctv21hrfhd.16,country_paper
摩洛哥,10.1007/978-3-319-01669-6_84-3,country_paper
摩洛哥,10.1080/17496772.2024.2316471,country_paper
摩洛哥,10.4135/9781483368924.n176,country_paper
摩洛哥,10.1007/978-3-030-74923-1_84,country_paper
摩洛哥,10.2307/j.ctv21hrfhd.9,country_paper
摩洛哥,10.1079/tourismetc.2025.0044,country_paper
摩洛哥,10.5367/te.2016.0542,country_paper
摩洛哥,10.30625/ijctr.424439,country_paper
摩洛哥,10.1080/15470148.2020.1775743,country_paper
摩洛哥,10.24922/eot.v13i1.2965,country_paper
摩洛哥,10.1080/17496772.2021.2000711,country_paper
摩洛哥,10.20431/2455-0043.0203003,country_paper
摩洛哥,10.1007/978-3-319-57189-8_9,country_paper
摩洛哥,10.22556/jctc.2024.10.1.55,country_paper
摩洛哥,10.1016/j.tmp.2024.101317,country_paper
摩洛哥,10.1079/tourism.2021.0030,country_paper
摩洛哥,10.1079/tourism.2021.0031,country_paper
摩洛哥,10.4324/9780203722268-7,country_paper
摩洛哥,10.1079/9781786392343.0118,country_paper
摩洛哥,10.4337/9781839100185.00020,country_paper
摩洛哥,10.1201/b12231-22,country_paper
摩洛哥,10.58837/chula.the.2020.40,country_paper
摩洛哥,10.5353/th_b5760914,country_paper
摩洛哥,10.4324/9780080943268-29,country_paper
摩洛哥,10.1016/b978-0-08-045074-2.50013-8,country_paper
摩洛哥,10.1016/j.tmp.2017.11.024,country_paper
摩洛哥,10.1080/15470148.2026.2694768,country_paper
摩洛哥,10.1079/9781789248685.0006,country_paper
摩洛哥,10.3727/154427217x14912408849467,country_paper
摩洛哥,10.17068/lhc.2002.05.5.1.95,country_paper
摩洛哥,10.4324/9780429274398-9,country_paper
摩洛哥,10.4324/9780080477701-26,country_paper
摩洛哥,10.1080/15022250.2011.593363,country_paper
摩洛哥,10.1079/9780851994406.0199,country_paper
摩洛哥,10.4324/9780429274398,country_paper
摩洛哥,10.4324/9780203722268-8,country_paper
摩洛哥,10.1080/10941665.2014.957222,country_paper
摩洛哥,10.1080/02508281.1982.11015073,country_paper
摩洛哥,10.4324/9780429274398-11,country_paper
摩洛哥,10.1016/b978-0-7506-8767-6.00015-3,country_paper
摩洛哥,10.1080/13683500.2025.2459820,country_paper
摩洛哥,10.1080/15470148.2013.782258,country_paper
摩洛哥,10.5367/te.2015.0485,country_paper
摩洛哥,10.3727/106527094792292023,country_paper
摩洛哥,10.4018/979-8-3373-3927-6.ch012,country_paper
摩洛哥,10.3727/108354213x13824558188541,country_paper
摩洛哥,10.1007/978-3-319-01384-8_84,country_paper
摩洛哥,10.4324/9780367201777-6,country_paper
摩洛哥,10.30958/ajt.7-1-2,country_paper
摩洛哥,10.2167/jtcc087.0,country_paper
摩洛哥,10.1080/14766820802140448,country_paper
埃及,10.4324/9780080455471-23,country_paper
中国,10.1080/14766825.2010.521562,country_paper
中国,10.21832/9781845418649-009,country_paper
中国,10.1080/14766825.2018.1437745,country_paper
摩洛哥,10.1080/14766825.2019.1700989,country_paper
埃及,10.1016/b978-0-7506-6312-0.50017-0,country_paper
中国,10.1079/9780851997483.0185,country_paper
阿曼,10.17977/um082v1i12021p1-13,country_paper
阿曼,10.1163/ej.9789004170360.i-350.12,country_paper
阿曼,10.1163/ej.9789004170360.i-350.37,country_paper
土耳其,10.47832/ist.con6-1,country_paper
阿曼,10.4159/9780674978577-004,country_paper
阿曼,10.4159/9780674978577-006,country_paper
埃及,10.1163/22138609-00501016,country_paper
阿曼,10.4324/9781315575865-16,country_paper
英国,10.4324/9781003266723-8,country_paper
法国,10.64628/aak.vcevrqf4v,country_paper
法国,10.7591/cornell/9781501715877.003.0004,country_paper
法国,10.7591/9781501715891-009,country_paper
法国,10.1515/9781501715891-009,country_paper
中国,10.4324/9780203156001-23,country_paper
法国,10.7591/9781501715891-006,country_paper
法国,10.1515/9781501715891-006,country_paper
法国,10.7591/cornell/9781501715877.003.0001,country_paper
叙利亚,10.30965/9783657766260_017,country_paper
伊拉克,10.2139/ssrn.5131377,country_paper
法国,10.2307/j.ctt20060bg.6,country_paper
苏丹,10.1017/9781782045281.004,country_paper
法国,10.1057/9780230005525_1,country_paper
法国,10.2307/j.ctt20060bg.16,country_paper
中国,10.1002/jtr.1909,country_paper
英国,10.4018/978-1-6684-9957-3.ch011,country_paper
英国,10.1108/ijtc-03-2021-0035,country_paper
摩洛哥,10.1007/978-981-13-3624-9_7,country_paper
摩洛哥,10.53555/kuey.v30i7.6708,country_paper
摩洛哥,10.53555//kuey.v30i7.6708,country_paper
中国,10.4324/9780203886366-26,country_paper
约旦,10.2167/jht026.0,country_paper
苏丹,10.37343/uw.2083-537x.pam34.2.6,country_paper
中国,10.5353/th_991044148070703414,country_paper
约旦,10.1080/1743873x.2017.1321003,country_paper
英国,10.2307/j.ctvx07445.6,country_paper
约旦,10.1080/1743873x.2008.9701249,country_paper
约旦,10.4324/9781003491071-5,country_paper
英国,10.47263/jrtm.03-02-04,country_paper
英国,10.34044/j.kjss.2023.44.1.09,country_paper
美国,10.1108/jchmsd-05-2019-0053,country_paper
摩洛哥,10.4324/9781351026383-5,country_paper
伊朗,10.1080/1743873x.2016.1263307,country_paper
中国,10.1080/14766825.2022.2090259,country_paper
中国,10.21832/9781845418649-010,country_paper
中国,10.1080/14766825.2018.1427102,country_paper
中国,10.1080/14616688.2017.1388436,country_paper
中国,10.4324/9781003159711-4,country_paper
土耳其,10.1007/978-3-319-27905-3_18,country_paper
中国,10.4324/9781003231783-6,country_paper
中国,10.4324/9781003231783,country_paper
中国,10.4324/9781003231783-3,country_paper
中国,10.4324/9781003231783-4,country_paper
中国,10.4324/9781003231783-5,country_paper
中国,10.4324/9781003231783-1,country_paper
中国,10.4324/9781003290834-10,country_paper
中国,10.1108/978-1-80117-936-220221004,country_paper
阿联酋,10.1186/s43238-026-00278-4,country_paper
中国,10.1007/978-3-319-30523-3_8,country_paper
突尼斯,10.1007/s10055-025-01101-8,country_paper
中国,10.1038/s40494-025-02265-x,country_paper
中国,10.5194/isprs-archives-xlviii-m-2-2023-413-2023,country_paper
英国,10.32461/2409-9805.4.2025.351584,country_paper
美国,10.3390/su15054146,country_paper
土耳其,10.3390/proceedings2025131002,country_paper
沙特阿拉伯,10.37868/hsd.v8i1.1748,country_paper
摩洛哥,10.65638/2978-8811.2025.01.05,country_paper
中国,10.34144/eds.44.9,country_paper
中国,10.1080/15313220.2025.2609276,country_paper
法国,10.1108/jhtt-01-2022-0013,country_paper
土耳其,10.21325/jotags.2022.980,country_paper
法国,10.52255/smarttourism.2023.3.2.1,country_paper
摩洛哥,10.52255/smarttourism.2023.3.4.1,country_paper
美国,10.55382/jurnalpustakaai.v5i3.1379,country_paper
沙特阿拉伯,10.21203/rs.3.rs-4497795/v1,country_paper
中国,10.17265/1548-6605/2024.09.001,country_paper
中国,10.4467/2450050xsnr.24.020.20831,country_paper
美国,10.1109/icosci66700.2026.11448067,country_paper
摩洛哥,10.1080/13527258.2019.1700392,country_paper
美国,10.1353/are.2012.0013,country_paper
法国,10.3727/108354223x16773677647966,country_paper
中国,10.1007/978-981-15-4447-7_10,country_paper
西班牙,10.1016/j.tmp.2019.100560,country_paper
美国,10.3727/194341420x15905692660247,country_paper
美国,10.48165/pjhas.2026.12.1.5,country_paper
中国,10.1080/15256480.2025.2481634,country_paper
美国,10.58837/chula.is.2025.61,country_paper
埃及,10.21608/ijhth.2017.30210,country_paper
法国,10.54097/fbem.v3i1.237,country_paper
法国,10.1080/10548400802508473,country_paper
中国,10.1080/19388160.2023.2183922,country_paper
中国,10.4324/9780203886366-11,country_paper
中国,10.1080/19388160.2019.1577199,country_paper
英国,10.33050/tmj.v9i2.2327,country_paper
美国,10.55606/jurimbik.v6i1.1672,country_paper
中国,10.1088/2515-7620/add793,country_paper
中国,10.4324/9780203721025-10,country_paper
英国,10.3390/economies14040141,country_paper
中国,10.1177/13548166251360295,country_paper
土耳其,10.4018/978-1-6684-6291-1.ch057,country_paper
摩洛哥,10.1079/9781789248685.0015,country_paper
沙特阿拉伯,10.52132/ajrsp.e.2023.52.2,country_paper
西班牙,10.1016/j.daach.2022.e00218,country_paper
中国,10.55630/dipp.2019.9.31,country_paper
英国,10.1016/j.culher.2014.09.014,country_paper
阿曼,10.1016/j.daach.2024.e00352,country_paper
叙利亚,10.1016/j.daach.2020.e00164,country_paper
卡塔尔,10.1016/j.daach.2021.e00177,country_paper
英国,10.1016/j.daach.2024.e00355,country_paper
阿曼,10.1016/j.daach.2026.e00564,country_paper
约旦,10.1016/j.daach.2024.e00325,country_paper
阿曼,10.4995/var.2018.7227,country_paper
法国,10.1016/j.daach.2021.e00204,country_paper
西班牙,10.14434/sdh.v1i2.23244,country_paper
阿曼,10.1145/2069276.2069278,country_paper
约旦,10.1016/j.daach.2019.e00133,country_paper
黎巴嫩,10.1016/j.daach.2023.e00261,country_paper
阿曼,10.1016/j.culher.2019.01.001,country_paper
摩洛哥,10.1016/j.culher.2018.10.009,country_paper
埃及,10.1016/j.daach.2023.e00307,country_paper
中国,10.5194/isprs-annals-viii-m-1-2021-215-2021,country_paper
阿尔及利亚,10.55630/kinj.2023.090201,country_paper
阿曼,10.1016/j.daach.2019.e00091,country_paper
# ​​​​​​⁠​​​﻿
# ​​​​​​⁠​​​﻿

# ​​​​​​⁠​​​﻿
